epoch,steps,cosine_pearson,cosine_spearman
1.0,5,0.7061642884389329,0.7324074355342629
2.0,10,0.7139893036413771,0.732625903553523
1.0,2500,0.4182943194911802,0.3686406424275795
