epoch,steps,cosine_pearson,cosine_spearman
2.0,10,0.7139893036413771,0.732625903553523
